actor,movie_or_TV_name
Rumbie Muzofa,The Last of Us
Juan Magana,The Last of Us
Juan Magana,Viral
Juan Magana,The Mosquito Coast
Juan Magana,La Gloria
Marcus Aurelio,Jade
Marcus Aurelio,The Last of Us
Marcus Aurelio,Sonic the Hedgehog 2
Marcus Aurelio,Batwoman
Marcus Aurelio,Altered Carbon
Marcus Aurelio,No Reservations
Marcus Aurelio,Riverdale
Marcus Aurelio,Ice
Marcus Aurelio,Zoo
Marcus Aurelio,The Flash
Marcus Aurelio,Arrow
Marcus Aurelio,UFC 102: Couture vs. Nogueira
Marcus Aurelio,UFC 90: Silva vs. Cote
Marcus Aurelio,UFC 86: Jackson vs. Griffin
Marcus Aurelio,UFC Fight Night 13: Florian vs. Lauzon
Marcus Aurelio,UFC 78: Validation
Marcus Aurelio,UFC 74: Respect
Marcus Aurelio,Pride Bushido 13
Marcus Aurelio,Pride FC Bushido Volume 13
Marcus Aurelio,Pride Bushido 11
Marcus Aurelio,Pride Bushido 10
Marcus Aurelio,Pride Bushido 8
Marcus Aurelio,Pride Bushido 6
Marcus Aurelio,Pride Bushido 4
Marcus Aurelio,Jade
Marcus Aurelio,Peacemaker
Marcus Aurelio,Legion
Pedro Pascal,My Dentist's Murder Trial
Pedro Pascal,Wonder Woman
Pedro Pascal,Freaky Tales
Pedro Pascal,Strange Way of Life
Pedro Pascal,The Last of Us
Pedro Pascal,Patagonia: Life at the Edge of the World
Pedro Pascal,The Unbearable Weight of Massive Talent
Pedro Pascal,The Bubble
Pedro Pascal,House Comes with a Bird
Pedro Pascal,The Book of Boba Fett
Marcus Aurelio,Interrogation
Marcus Aurelio,Vendetta
Pedro Pascal,Animal
Pedro Pascal,Calls
Pedro Pascal,Amend: The Fight for America
Pedro Pascal,We Can Be Heroes
Pedro Pascal,Wonder Woman 1984
Pedro Pascal,Home Movie: The Princess Bride
Pedro Pascal,Community Table Read
Pedro Pascal,Disney Gallery / Star Wars: The Mandalorian
Pedro Pascal,The Mandalorian
Pedro Pascal,Triple Frontier
Pedro Pascal,If Beale Street Could Talk
Pedro Pascal,Prospect
Pedro Pascal,The Equalizer 2
Pedro Pascal,Hope
Pedro Pascal,Kingsman: The Golden Circle
Pedro Pascal,The Great Wall
Pedro Pascal,The Earliest Show
Pedro Pascal,The Late Show with Stephen Colbert
Pedro Pascal,Narcos
Pedro Pascal,Bloodsucking Bastards
Pedro Pascal,Fire Meet Gasoline
Pedro Pascal,The Tonight Show Starring Jimmy Fallon
Pedro Pascal,Graceland
Pedro Pascal,Red Widow
Pedro Pascal,Charlie's Angels
John Getz,The Last of Us
Pedro Pascal,Sweet Little Lies
Pedro Pascal,Wonder Woman
Pedro Pascal,Game of Thrones
Pedro Pascal,Burn Notice: The Fall of Sam Axe
Pedro Pascal,The Adjustment Bureau
Pedro Pascal,Nikita
Pedro Pascal,The Good Wife
Pedro Pascal,Community
Pedro Pascal,Iris
Pedro Pascal,I Am That Girl
Pedro Pascal,The Mentalist
Pedro Pascal,Brothers and Sisters
Pedro Pascal,Hermanas
Pedro Pascal,Earth vs. the Spider
Pedro Pascal,Law & Order: Criminal Intent
Pedro Pascal,CSI: Crime Scene Investigation
Pedro Pascal,Law & Order: Special Victims Unit
Pedro Pascal,Buffy the Vampire Slayer
Pedro Pascal,Window Shopping
Pedro Pascal,Law & Order
Pedro Pascal,My Dentist's Murder Trial
John Getz,Body at Brighton Rock
John Getz,Doom Patrol
John Getz,Dirty John
John Getz,Brampton's Own
John Getz,Ghosted
John Getz,Timeless
John Getz,Certain Women
John Getz,Trumbo
John Getz,The Perfect Guy
John Getz,Better Call Saul
John Getz,Bosch
John Getz,How to Get Away with Murder
John Getz,Bad Teacher
John Getz,Jobs
John Getz,Desperate Acts of Magic
John Getz,Scandal
John Getz,American Horror Story
John Getz,Homeland
John Getz,How Did They Ever Make a Movie of Facebook?
John Getz,Elevator
John Getz,The Social Network
John Getz,Nikita
John Getz,Castle
John Getz,Trust Me
Eric Breker,The Last of Us
Eric Breker,Abducted
Eric Breker,Virgin River
Eric Breker,Batwoman
Eric Breker,Hailey Dean Mysteries: Killer Sentence
Eric Breker,Deadly Class
Eric Breker,My Baby Is Gone!
Eric Breker,Hailey Dean Mysteries
Pedro Pascal,Bag of Worms
Kevin Sateri,The Last of Us
Kevin Sateri,GLOW
Kevin Sateri,The Last of Us
John Getz,Eleventh Hour
John Getz,Swingtown
John Getz,A Line in the Sand
John Getz,Superhero Movie
John Getz,Big Shots
John Getz,Private Practice
John Getz,Mad Men
John Getz,Zodiac
John Getz,Nanking
John Getz,Day Break
John Getz,Shark
John Getz,Living 'til the End
John Getz,Ghost Whisperer
John Getz,Criminal Minds
John Getz,Close to Home
John Getz,How I Met Your Mother
John Getz,Bones
John Getz,Prison Break
John Getz,Grey's Anatomy
John Getz,Mystery Woman: Sing Me a Murder
John Getz,Medium
John Getz,Cold Case
John Getz,Joan of Arcadia
John Getz,NCIS
John Getz,Hunger Point
John Getz,Without a Trace
John Getz,CSI: Miami
Eric Breker,Mission NinetyTwo: Part I - Dragonfly
Eric Breker,Pretty Little Addict
Eric Breker,DC's Legends of Tomorrow
Eric Breker,Mission NinetyTwo: Part II - Energy
Eric Breker,Jingle All the Way 2
Eric Breker,Godzilla
Eric Breker,A Daughter's Nightmare
Eric Breker,The Hunters
Eric Breker,A Sister's Nightmare
Eric Breker,Captive
Eric Breker,Arrow
Eric Breker,A Mother's Nightmare
Eric Breker,Hardwired
Eric Breker,X-Men Origins: Wolverine
Eric Breker,The Andromeda Strain
Eric Breker,Stargate: The Ark of Truth
Eric Breker,Final Days of Planet Earth
Eric Breker,Disaster Zone: Volcano in New York
Eric Breker,14 Hours
Eric Breker,Supernatural
Eric Breker,Witness for the Prosecution
Eric Breker,Battlestar Galactica
Samuel Hoeksema,The Last of Us
Samuel Hoeksema,Black Summer
Samuel Hoeksema,Wynonna Earp
Samuel Hoeksema,Eli Regrets
John Getz,According to Jim
John Getz,Zenon: The Zequel
John Getz,Held for Ransom
John Getz,CSI: Crime Scene Investigation
John Getz,The West Wing
John Getz,Law & Order: Special Victims Unit
John Getz,Providence
John Getz,The King of Queens
John Getz,Maggie
John Getz,Some Girl
John Getz,Painted Hero
John Getz,Mr. & Mrs. Smith
John Getz,A Friend's Betrayal
John Getz,The Late Shift
John Getz,Mojave Moon
John Getz,JAG
John Getz,Awake to Danger
John Getz,Fortunes of War
John Getz,A Passion to Kill
John Getz,The 5 Mrs. Buchanans
John Getz,Untamed Love
John Getz,Playmaker
John Getz,Betrayal of Trust
Eric Breker,The 4400
Eric Breker,The Ranch
Eric Breker,Walking Tall
Eric Breker,The Thing Below
Eric Breker,Tru Calling
Eric Breker,Scary Movie 3
Eric Breker,Ballistic: Ecks vs. Sever
Eric Breker,The Dead Zone
Eric Breker,Living with the Dead
Eric Breker,Glory Days
Eric Breker,Smallville
Eric Breker,Love and Treason
Eric Breker,Dark Angel
Eric Breker,Dudley Do-Right
Eric Breker,Da Vinci's Inquest
Eric Breker,First Wave
Eric Breker,Cold Squad
Eric Breker,Stargate SG-1
Eric Breker,Contagious
Eric Breker,Millennium
Eric Breker,The X-Files
John Getz,Triumph Over Disaster: The Hurricane Andrew Story
John Getz,Majority Rule
John Getz,In My Daughter's Name
John Getz,Curly Sue
John Getz,Don't Tell Mom the Babysitter's Dead
John Getz,Men at Work
John Getz,Born on the Fourth of July
John Getz,The Fly II
John Getz,Police Story: Burnout
John Getz,Murphy Brown
John Getz,Mariah
John Getz,The Fly
John Getz,MacGruder and Loud
John Getz,Thief of Hearts
John Getz,"Murder, She Wrote"
John Getz,Blood Simple
John Getz,Concrete Beat
John Getz,Maggie Briggs
John Getz,Not in Front of the Children
John Getz,"Muggable Mary, Street Cop"
John Getz,Tattoo
John Getz,Rivkin: Bounty Hunter
John Getz,Kent State
John Getz,A Woman Called Moses
John Getz,Loose Change
John Getz,Rafferty
John Getz,Three's Company
John Getz,The Andros Targets
John Getz,Wonder Woman
John Getz,The Happy Hooker
John Getz,Barney Miller
John Getz,Killer Bees
John Getz,ABC Afterschool Special
John Getz,Another World
Olivier Ross-Parent,Precious Cargo
Olivier Ross-Parent,The Last of Us
Olivier Ross-Parent,Moment
Olivier Ross-Parent,The Bold Type
Murray Bartlett,The Last of Us
Murray Bartlett,Welcome to Chippendales
Murray Bartlett,Pickled
Murray Bartlett,The White Lotus
Murray Bartlett,The Stand In
Murray Bartlett,Tales of the City
Murray Bartlett,Beach House
Murray Bartlett,Carpool Karaoke: The Series
Murray Bartlett,Marvel's Iron Fist
Murray Bartlett,Looking: The Movie
Murray Bartlett,The Late Show with Stephen Colbert
Murray Bartlett,Stubborn
Gabriel Luna,The Last of Us
Gabriel Luna,Eddie & Sunny
Gabriel Luna,Amend: The Fight for America
Gabriel Luna,Hala
Gabriel Luna,Terminator: Dark Fate
Gabriel Luna,A Little Late with Lilly Singh
Gabriel Luna,"Love, Death & Robots"
Gabriel Luna,Transpecos
Gabriel Luna,Harley and the Davidsons
Gabriel Luna,Swell
Gabriel Luna,Wicked City
Murray Bartlett,The Tonight Show Starring Jimmy Fallon
Murray Bartlett,Looking
Gabriel Luna,Freeheld
Gabriel Luna,Gravy
Gabriel Luna,Rosewood
Gabriel Luna,Matador
Yayu A.W. Unru,Mangkujiwo 2
Yayu A.W. Unru,Jamojaya
Yayu A.W. Unru,The Last of Us
Yayu A.W. Unru,Deadly Love Poem
Yayu A.W. Unru,Ketua BEM and His Secret Wife
Yayu A.W. Unru,Until Tomorrow
Yayu A.W. Unru,Drama Ratu Drama
Yayu A.W. Unru,Ivanna
Christine Hakim,The Last of Us
Christine Hakim,Sri Asih
Christine Hakim,Just Mom
Christine Hakim,Tris
Murray Bartlett,Kingston Avenue
Murray Bartlett,Girl Most Likely
Murray Bartlett,August
Murray Bartlett,Needle
Murray Bartlett,Boys On Film 4: Protect Me From What I Want
Murray Bartlett,White Collar
Murray Bartlett,Flight of the Conchords
Murray Bartlett,headLand
Murray Bartlett,Postmortem
Murray Bartlett,Jimmy Kimmel Live!
Murray Bartlett,Farscape
Murray Bartlett,Half Mongrel
Murray Bartlett,The Beast
Murray Bartlett,Police Rescue
Murray Bartlett,The Flying Doctors
Sharon Crandall,The Last of Us
Sharon Crandall,Christmas at the Golden Dragon
Sharon Crandall,Romance In Style
Sharon Crandall,Pillow Talk
Sharon Crandall,Christmas Takes Flight
Sharon Crandall,A Clüsterfünke Christmas
Sharon Crandall,Turner & Hooch
Sharon Crandall,Aurora Teagarden Mysteries: How to Con A Con
Sharon Crandall,The Christmas Doctor
Sharon Crandall,Shall We Play?
Sharon Crandall,The Kid Detective
Sharon Crandall,Welcome to Marwen
Sharon Crandall,Christmas on Holly Lane
Sharon Crandall,Til Ex Do Us Part
Philip Prajoux,The Last of Us
Philip Prajoux,Time for Me to Come Home for Christmas
Philip Prajoux,A Whirlwind Wedding
Philip Prajoux,Debris
Philip Prajoux,Picture Perfect Mysteries: Exit Stage Death
Philip Prajoux,The Murders
Philip Prajoux,Winter's Dream
Philip Prajoux,Riverdale
Philip Prajoux,Timeless
Philip Prajoux,Hello Destroyer
Philip Prajoux,Supergirl
Philip Prajoux,The Rise of the Krays
Philip Prajoux,Green Briefs
Philip Prajoux,Kimchi Fried Dumplings
Gabriel Luna,Balls Out
Gabriel Luna,True Detective
Gabriel Luna,Marvel's Agents of S.H.I.E.L.D.
Gabriel Luna,Spring Eddy
Gabriel Luna,Dance with the One
Gabriel Luna,Temple Grandin
Nick Offerman,Dumb Money
Yayu A.W. Unru,Madu Murni
Yayu A.W. Unru,Cemara's Family 2
Yayu A.W. Unru,Gara-Gara Warisan
Yayu A.W. Unru,Kamu Tidak Sendiri
Yayu A.W. Unru,Ben & Jody
Yayu A.W. Unru,Akhirat: A Love Story
Yayu A.W. Unru,Menunggu Bunda
Yayu A.W. Unru,The East
Yayu A.W. Unru,Serigala Langit
Yayu A.W. Unru,A Perfect Fit
Yayu A.W. Unru,The Queen of Black Magic
Yayu A.W. Unru,Love for Sale 2
Yayu A.W. Unru,Maya (A Girl Who Saw the News Twice)
Yayu A.W. Unru,Dilarang Menyanyi di Kamar Mandi
Yayu A.W. Unru,Koki-Koki Cilik 2
Yayu A.W. Unru,Lasagna
Yayu A.W. Unru,MatiAnak
Yayu A.W. Unru,A Man Called Ahok
Yayu A.W. Unru,Ten Seconds Before Sunrise
Yayu A.W. Unru,Something In Between
Yayu A.W. Unru,Brata
Christine Hakim,"Vengeance Is Mine, All Others Pay Cash"
Christine Hakim,A Perfect Fit
Christine Hakim,"Temporarily, Eternally"
Christine Hakim,Sepenggal Puisi
Christine Hakim,"Something Old, New, Borrowed and Blue"
Christine Hakim,Impetigore
Christine Hakim,Bumi Itu Bulat
Christine Hakim,Dancing in the Rain
Christine Hakim,Sultan Agung
Christine Hakim,The Gift
Christine Hakim,Kartini: Princess of Java
Christine Hakim,Boven Digoel
Christine Hakim,Ibu Maafkan Aku
Christine Hakim,Guru Bangsa Tjokroaminoto
Christine Hakim,The Golden Cane Warrior
Christine Hakim,Retak Gading
Christine Hakim,The Clerics
Christine Hakim,"Rayya, Cahaya Di Atas Cahaya"
Christine Hakim,Eat Pray Love
Christine Hakim,Merantau
Christine Hakim,Jamila and the President
Christine Hakim,In The Name of Love
Christine Hakim,Anak-anak Borobudur
Christine Hakim,A Legendary Love
Christine Hakim,Whispering Sands
Christine Hakim,Leaf on a Pillow
Christine Hakim,Gordel van smaragd
Christine Hakim,Sleeping Man
Sharon Crandall,The Perfection
Sharon Crandall,Boundaries
Sharon Crandall,Max 2: White House Hero
Sharon Crandall,The Marine 5: Battleground
Sharon Crandall,A Series of Unfortunate Events
Sharon Crandall,The Game of Love
Philip Prajoux,Arrow
Philip Prajoux,Supernatural
Nick Offerman,Caste
Nick Offerman,Candy Cane Lane
Nick Offerman,Butterfly in the Typewriter
Nick Offerman,Canoecraft: Fine Woodstrip Canoe Building
Nick Offerman,Mission: Impossible - Dead Reckoning Part Two
Nick Offerman,The Last of Us
Nick Offerman,Minions & More Volume 2
Nick Offerman,A League of Their Own
Nick Offerman,The Resort
Nick Offerman,Pam & Tommy
Nick Offerman,American Rock Stars
Nick Offerman,Sing 2
Nick Offerman,Colin in Black & White
Nick Offerman,Trollhunters: Rise of the Titans
Nick Offerman,Path of Wellness
Nick Offerman,The Great North
Nick Offerman,"Sacred Cow: The Nutritional, Environmental and Ethical Case for Better Meat"
Nick Offerman,Nick Offerman: Full Bush
Nick Offerman,Have a Good Trip: Adventures in Psychedelics
Nick Offerman,The Paley Center Salutes Parks and Recreation
Nick Offerman,A Parks and Recreation Special
Nick Offerman,Devs
Nick Offerman,Lucy in the Sky
Nick Offerman,A Little Late with Lilly Singh
Nick Offerman,Good Omens
Nick Offerman,J.R. “Bob” Dobbs and The Church of the SubGenius
Nick Offerman,Frances Ferguson
Yayu A.W. Unru,Wiro Sableng: 212 Warrior
Yayu A.W. Unru,Kafir
Yayu A.W. Unru,Jelita Sejuba
Yayu A.W. Unru,About Us and the Stories Afterwards
Yayu A.W. Unru,Love Letter for Starla
Yayu A.W. Unru,Posesif
Yayu A.W. Unru,Marlina the Murderer in Four Acts
Yayu A.W. Unru,Night Bus
Yayu A.W. Unru,#66
Yayu A.W. Unru,Headshot
Yayu A.W. Unru,Before Morning Comes
Yayu A.W. Unru,Bangkit!
Yayu A.W. Unru,Midnight Show
Yayu A.W. Unru,When Will You Get Married?
Yayu A.W. Unru,Tabula Rasa
Yayu A.W. Unru,Seputih Cinta Melati
Yayu A.W. Unru,Before the Morning Repeated
Yayu A.W. Unru,Something in the Way
Yayu A.W. Unru,Lovely Man
Yayu A.W. Unru,The Dreamer
Yayu A.W. Unru,Virgin Girl
Yayu A.W. Unru,Fishing Platform
Yayu A.W. Unru,Demam Tari
Christine Hakim,Tjoet Nja' Dhien
Christine Hakim,Irisan-irisan Hati
Christine Hakim,Ponirah Is Convicted
Christine Hakim,Sharp Gravel
Christine Hakim,Behind the Mosquito Net
Christine Hakim,"As White as the Heart, as Red as the Lips"
Christine Hakim,Dr. Siti Pertiwi
Christine Hakim,The Beggar and The Rickshaw Driver
Christine Hakim,Badai Pasti Berlalu
Christine Hakim,Commercial Spirits on Campus
Christine Hakim,Something Beautiful
Christine Hakim,Bridegroom's Bed
Christine Hakim,Kawin Lari
Christine Hakim,Bandung Lautan Api
Christine Hakim,Atheis
Christine Hakim,First Love
Christine Hakim,Bumi Itu Bulat
Christine Hakim,Guru Bangsa Tjokroaminoto
Christine Hakim,Serambi
Christine Hakim,Whispering Sands
Christine Hakim,Leaf on a Pillow
Nick Offerman,The Lego Movie 2: The Second Part
Nick Offerman,3Below: Tales of Arcadia
Nick Offerman,Emmet's Holiday Party: A LEGO Movie Short
Nick Offerman,Bad Times at the El Royale
Nick Offerman,Making It
Nick Offerman,Hearts Beat Loud
Nick Offerman,Nostalgia
Nick Offerman,Springfield of Dreams: The Legend of Homer Simpson
Nick Offerman,Will & Grace
Nick Offerman,Carpool Karaoke: The Series
Nick Offerman,Comrade Detective
Nick Offerman,The Little Hours
Nick Offerman,The Hero
Nick Offerman,Nick Offerman & Megan Mullally - Summer of 69: No Apostrophe
Nick Offerman,The House of Tomorrow
Nick Offerman,Infinity Baby
Nick Offerman,Gunter Babysits
Nick Offerman,Sing
Nick Offerman,The Good Place
Nick Offerman,The Founder
Nick Offerman,Son of Zorn
Nick Offerman,Ice Age: Collision Course
Nick Offerman,Welcome to Happiness
Nick Offerman,The LEGO Movie 4D: A New Adventure
Nick Offerman,"You, Me and the Apocalypse"
Nick Offerman,The Muppets
Nick Offerman,Life in Pieces
Nick Offerman,Hotel Transylvania 2
Nick Offerman,The Late Show with Stephen Colbert
Nick Offerman,A Walk in the Woods
Nick Offerman,Me and Earl and the Dying Girl
Nick Offerman,Danny Collins
Nick Offerman,Hot Ones
Nick Offerman,Knight of Cups
Nick Offerman,Believe Me
Nick Offerman,The Emmet Awards Show!
Nick Offerman,22 Jump Street
Nick Offerman,Last Week Tonight with John Oliver
Nick Offerman,Fargo
Nick Offerman,The Gunfighter
Nick Offerman,Late Night with Seth Meyers
Nick Offerman,The Tonight Show Starring Jimmy Fallon
Nick Offerman,Date and Switch
Nick Offerman,Off Camera with Sam Jones
Nick Offerman,The Lego Movie
Nick Offerman,Nick Offerman: American Ham
Nick Offerman,Dalai Lama
Nick Offerman,Paradise
Nick Offerman,Brooklyn Nine-Nine
Nick Offerman,In a World...
Nick Offerman,We're the Millers
Nick Offerman,Axe Cop
Nick Offerman,Drunk History
Nick Offerman,Somebody Up There Likes Me
Nick Offerman,The Kings of Summer
Nick Offerman,Tuna
Nick Offerman,Gravity Falls
Nick Offerman,Casa De Mi Padre
Nick Offerman,21 Jump Street
Nick Offerman,Smashed
Nick Offerman,Billy on the Street
Nick Offerman,Conan O'Brien Can't Stop
Nick Offerman,Bob's Burgers
Nick Offerman,All Good Things
Nick Offerman,Conan
Nick Offerman,Who Do You Think You Are?
Nick Offerman,Harmony and Me
Nick Offerman,Audrey the Trainwreck
Nick Offerman,Taking Chances
Nick Offerman,The Men Who Stare at Goats
Nick Offerman,Parks and Recreation
Nick Offerman,Childrens Hospital
Nick Offerman,RSO: Registered Sex Offender
Nick Offerman,Wristcutters: A Love Story
Nick Offerman,American Body Shop
Nick Offerman,The Go-Getter
Nick Offerman,3 lbs
Nick Offerman,Miss Congeniality 2: Armed and Fabulous
Nick Offerman,Sin City
Nick Offerman,Cursed
Nick Offerman,CSI: NY
Nick Offerman,Deadwood
Nick Offerman,November
Nick Offerman,Mix It Up
Nick Offerman,Robbery Homicide Division
Nick Offerman,Stealing Harvard
Nick Offerman,Monk
Nick Offerman,Murder by Numbers
Nick Offerman,George Lopez
Nick Offerman,24
Nick Offerman,Speaking of Sex
Nick Offerman,Curb Your Enthusiasm
Nick Offerman,Gilmore Girls
Nick Offerman,Forever Lulu
Nick Offerman,Groove
Nick Offerman,The West Wing
Nick Offerman,Treasure Island
Nick Offerman,Lush
Nick Offerman,The King of Queens
Nick Offerman,Will & Grace
Andrea Greening,The Last of Us
Nico Parker,Suncoast
Nico Parker,The Last of Us
Nico Parker,Reminiscence
Nico Parker,The Third Day
Nico Parker,Dumbo
Nick Offerman,City of Angels
Nick Offerman,The View
Nick Offerman,The Practice
Nick Offerman,Going All the Way
Nick Offerman,Profiler
Nick Offerman,The Daily Show with Trevor Noah
Nick Offerman,ER
Nick Offerman,Late Night with Conan O'Brien
Nick Offerman,The Simpsons
Nick Offerman,Canoecraft: Fine Woodstrip Canoe Building
Ryan D. Clarke,The Last of Us
Nick Offerman,Frances Ferguson
Nick Offerman,Hearts Beat Loud
Nick Offerman,The House of Tomorrow
Nick Offerman,Infinity Baby
Nick Offerman,Look & See: A Portrait of Wendell Berry
Nick Offerman,Somebody Up There Likes Me
Nick Offerman,Nick Offerman & Megan Mullally - Summer of 69: No Apostrophe
Nick Offerman,Nick Offerman: American Ham
Nick Offerman,Parks and Recreation
Nick Offerman,Parks and Recreation
Logan Pierce,The Last of Us
Logan Pierce,The Good Doctor
Gina Louise Phillips,The Last of Us
Gina Louise Phillips,Private Eyes
Gina Louise Phillips,Reproduction
Taylor St. Pierre,The Last of Us
Taylor St. Pierre,Snowpiercer
Taylor St. Pierre,Morning Show Mysteries: A Murder in Mind
Taylor St. Pierre,The Christmas Cottage
Taylor St. Pierre,Miss Christmas
Taylor St. Pierre,Somewhere Between
Taylor St. Pierre,Dead Shack
Taylor St. Pierre,The Perfect Catch
Taylor St. Pierre,Last Night in Suburbia
Taylor St. Pierre,A Mother's Instinct
Taylor St. Pierre,Ascension
Taylor St. Pierre,The Flash
Taylor St. Pierre,Supernatural
Max Montesi,The Last of Us
Max Montesi,Girl in Room 13
Max Montesi,Welcome to Mama's
Max Montesi,Debris
Max Montesi,Cold Pursuit
Max Montesi,The 100
Max Montesi,Arrow
Max Montesi,Once Upon a Time
Max Montesi,Supernatural
Natasha Mumba,Sight
Natasha Mumba,The Last of Us
Natasha Mumba,The Handmaid's Tale
Sarah Himadeh,The Last of Us
Sarah Himadeh,The Miller Prediction
Sarah Himadeh,Cult of the Vampire
Sarah Himadeh,The Doorman
Haysam Kadri,The Last of Us
Haysam Kadri,The Revenant
Caitlin Howden,The Last of Us
Caitlin Howden,Turner & Hooch
Caitlin Howden,Four Walls
Caitlin Howden,"Love, Guaranteed"
Caitlin Howden,Buddy Games
Caitlin Howden,Lucifer
Caitlin Howden,Crackin' Down Hard
Jessica Belbin,The Last of Us
Corina Akeson,The Last of Us
Corina Akeson,Dying for A Family
Corina Akeson,American Dreamer
Corina Akeson,Debris
Corina Akeson,The Christmas House
Corina Akeson,The Story of Us
Corina Akeson,A Twist of Christmas
Corina Akeson,The Sweetest Christmas
Corina Akeson,Drone
Corina Akeson,Wayward Pines
Corina Akeson,Arrow
Corina Akeson,The Veil
Corina Akeson,Supernatural
Jason Burkart,The Last of Us
Jason Burkart,Time for Him to Come Home for Christmas
Jason Burkart,Schmigadoon!
Jason Burkart,Crossword Mysteries: Riddle Me Dead
Jason Burkart,The Mighty Ducks: Game Changers
Jason Burkart,The Stand
Jason Burkart,The Angel Tree
Jason Burkart,"Love, Guaranteed"
Jason Burkart,Family Pictures
Jason Burkart,The Murders
Jason Burkart,Stood Up
Jason Burkart,Chronicle Mysteries: The Wrong Man
Jason Burkart,Project Blue Book
Jason Burkart,Welcome to Marwen
Jason Burkart,The Good Doctor
Jason Burkart,Residue
Jason Burkart,A Series of Unfortunate Events
Jason Burkart,The Magicians
Jason Burkart,Supergirl
Jason Burkart,12 Rounds 3: Lockdown
Jason Burkart,Jackhammer
Jason Burkart,Once Upon a Time in Wonderland
Jason Burkart,Motive
Jason Burkart,Arrow
Jason Burkart,Once Upon a Time
Jason Burkart,Supernatural
Wendy Gorling,The Last of Us
Jerry Wasserman,Madison
Jerry Wasserman,The Last of Us
Jerry Wasserman,The Wedding Veil Legacy
Jerry Wasserman,Heart of the Matter
Jerry Wasserman,Heatwave
Jerry Wasserman,Christmas She Wrote
Jerry Wasserman,Christmas in Evergreen: Bells Are Ringing
Jerry Wasserman,Love Under the Olive Tree
Jerry Wasserman,William
Jerry Wasserman,Little Pink House
Jerry Wasserman,Reap What You Sew: An Aurora Teagarden Mystery
Jerry Wasserman,The Good Doctor
Jerry Wasserman,Riverdale
Jerry Wasserman,Stolen Dreams
Jerry Wasserman,The Starlight Heist
Jerry Wasserman,The Flash
Jerry Wasserman,The Editor
Jerry Wasserman,Scarecrow
Jerry Wasserman,Motive
Jerry Wasserman,Goodnight for Justice: Queen of Hearts
Jerry Wasserman,The Killing Game
Jerry Wasserman,Doomsday Prophecy
Jerry Wasserman,Sins of the Mother
Jerry Wasserman,Paradox
Jerry Wasserman,A Dangerous Man
Jerry Wasserman,Sight Unseen
Jerry Wasserman,Alien Trespass
Jerry Wasserman,Watchmen
Jerry Wasserman,NYC: Tornado Terror
Jerry Wasserman,The Last Mimzy
Jerry Wasserman,Black Christmas
Jerry Wasserman,The Entrance
Jerry Wasserman,Trapped Ashes
Jerry Wasserman,Behind the Camera: The Unauthorized Story of 'Diff'rent Strokes'
Brendan Fletcher,Rampage IV: The New Blood
Jerry Wasserman,The Butterfly Effect 2
Jerry Wasserman,Family in Hiding
Jerry Wasserman,Psych
Jerry Wasserman,FBI: Negotiator
Jerry Wasserman,Severed
Jerry Wasserman,Supernatural
Jerry Wasserman,The Long Weekend
Jerry Wasserman,Bob the Butler
Jerry Wasserman,Battlestar Galactica
Jerry Wasserman,"I, Robot"
Jerry Wasserman,Tru Calling
Jerry Wasserman,1st to Die
Jerry Wasserman,The Dead Zone
Jerry Wasserman,Liberty Stands Still
Jerry Wasserman,Smallville
Jerry Wasserman,The Operative
Jerry Wasserman,Touched by a Killer
Jerry Wasserman,Dark Angel
Jerry Wasserman,Call of the Wild
Jerry Wasserman,Christina's House
Jerry Wasserman,A Cooler Climate
Jerry Wasserman,Beggars and Choosers
Jerry Wasserman,So Weird
Jerry Wasserman,The Crow: Stairway to Heaven
Jerry Wasserman,First Wave
Brendan Fletcher,The Last of Us
Brendan Fletcher,Violent Night
Brendan Fletcher,ICON: The Robert Englund Story
Brendan Fletcher,Dangerous
Brendan Fletcher,Superman & Lois
Brendan Fletcher,Brotherhood
Brendan Fletcher,Night Hunter
Brendan Fletcher,Fuck You All: The Uwe Boll Story
Brendan Fletcher,Open 24 Hours
Brendan Fletcher,Distorted
Brendan Fletcher,Siren
Brendan Fletcher,Braven
Brendan Fletcher,Rampage: President Down
Brendan Fletcher,Lost Solace
Brendan Fletcher,The Revenant
Brendan Fletcher,Altergeist
Brendan Fletcher,Leprechaun: Origins
Brendan Fletcher,Rampage: Capital Punishment
Brendan Fletcher,The Grim Sleeper
Brendan Fletcher,Suddenly
Brendan Fletcher,Stalkers
Brendan Fletcher,Rogue
Brendan Fletcher,13 Eerie
Jerry Wasserman,Golf Punks
Jerry Wasserman,One Hot Summer Night
Jerry Wasserman,Circle of Deceit
Jerry Wasserman,Cold Squad
Jerry Wasserman,Outrage
Jerry Wasserman,Mr. Magoo
Jerry Wasserman,Dad's Week Off
Jerry Wasserman,Intensity
Jerry Wasserman,Stargate SG-1
Jerry Wasserman,The Practice
Jerry Wasserman,Contagious
Jerry Wasserman,Mother Trucker: The Diana Kilmury Story
Jerry Wasserman,Maternal Instincts
Jerry Wasserman,Mask of Death
Jerry Wasserman,Poltergeist: The Legacy
Jerry Wasserman,The Sentinel
Jerry Wasserman,When the Vows Break
Jerry Wasserman,Crying Freeman
Jerry Wasserman,The Outer Limits
Marcia Bennett,The Last of Us
Marcia Bennett,A Christmas Masquerade
Marcia Bennett,Guillermo del Toro's Cabinet of Curiosities
Marcia Bennett,One Small Visit
Marcia Bennett,Christmas à la Carte
Marcia Bennett,Christmas Movie Magic
Marcia Bennett,The Kid Detective
Marcia Bennett,Feel the Beat
Marcia Bennett,Mrs. America
Marcia Bennett,Chubby
Marcia Bennett,We
Brad Leland,LaRoy
Brad Leland,The Last of Us
Brad Leland,Hostile Territory
Brad Leland,Land
Brendan Fletcher,Bates Motel
Brendan Fletcher,Arrow
Brendan Fletcher,Alcatraz
Brendan Fletcher,Edwin Boyd: Citizen Gangster
Brendan Fletcher,Blubberella
Brendan Fletcher,American Animal
Brendan Fletcher,Smoke Screen
Brendan Fletcher,BloodRayne: The Third Reich
Brendan Fletcher,Badass Thieves
Brendan Fletcher,Never Sleep Again: The Elm Street Legacy
Jerry Wasserman,Red Scorpion 2
Jerry Wasserman,The Disappearance of Vonnie
Jerry Wasserman,M.A.N.T.I.S.
Jerry Wasserman,Double Cross
Jerry Wasserman,Tears and Laughter: The Joan and Melissa Rivers Story
Jerry Wasserman,Heart of a Child
Jerry Wasserman,Viper
Jerry Wasserman,The Only Way Out
Jerry Wasserman,Other Women's Children
Jerry Wasserman,The X-Files
Jerry Wasserman,When a Stranger Calls Back
Jerry Wasserman,Miracle on Interstate 880
Jerry Wasserman,Alive
Jerry Wasserman,The Hat Squad
Jerry Wasserman,Shame
Jerry Wasserman,Stay Tuned
Christopher Heyerdahl,The Last of Us
Christopher Heyerdahl,Viking
Marcia Bennett,Entertaining Christmas
Marcia Bennett,Our House
Marcia Bennett,Carter
Marcia Bennett,The Performance
Marcia Bennett,The Night Before the Night Before Christmas
Marcia Bennett,Country Crush
Marcia Bennett,Northpole: Open for Christmas
Marcia Bennett,Bark Ranger
Marcia Bennett,The Music in Me
Marcia Bennett,The Big Fat Stone
Marcia Bennett,Hemlock Grove
Marcia Bennett,Beauty and the Beast
Marcia Bennett,The Woman
Marcia Bennett,At Risk
Marcia Bennett,Who Is Clark Rockefeller?
Marcia Bennett,Warehouse 13
Marcia Bennett,Grey Gardens
Marcia Bennett,Red
Brad Leland,Big Sky
Brad Leland,The Last Whistle
Brad Leland,The Great Alaskan Race
Brad Leland,The Domestics
Brad Leland,Deepwater Horizon
Brad Leland,The Bureau
Brad Leland,Open 24 Hours
Brad Leland,The Bystander Theory
Brad Leland,Möbius
Brad Leland,Veep
Brad Leland,Trauma
Brad Leland,The Cleveland Show
Brad Leland,Parks and Recreation
Brad Leland,Miracle at St. Anna
Brad Leland,Hancock
Brad Leland,Comanche Moon
Brad Leland,Walking Tall: The Payback
Brad Leland,The Return
Brendan Fletcher,The Pacific
Brendan Fletcher,Rampage
Brendan Fletcher,The Listener
Brendan Fletcher,The Onion Movie
Brendan Fletcher,The Capture of the Green River Killer
Brendan Fletcher,Ogre
Brendan Fletcher,Heartland
Brendan Fletcher,The Green Chain
Brendan Fletcher,BloodRayne 2: Deliverance
Brendan Fletcher,The Making of 'Tideland'
Brendan Fletcher,88 Minutes
Brendan Fletcher,The Damned Thing
Jerry Wasserman,Still Not Quite Human
Jerry Wasserman,Mystery Date
Jerry Wasserman,Fly by Night
Jerry Wasserman,Quarantine
Jerry Wasserman,Broken Badges
Jerry Wasserman,Cold Front
Jerry Wasserman,Short Time
Jerry Wasserman,Look Who's Talking
Jerry Wasserman,Booker
Jerry Wasserman,The Penthouse
Jerry Wasserman,The Fly II
Christopher Heyerdahl,Corner Office
Christopher Heyerdahl,Under the Banner of Heaven
Christopher Heyerdahl,Peacemaker
Christopher Heyerdahl,Chapelwaite
Christopher Heyerdahl,Psych 2: Lassie Come Home
Christopher Heyerdahl,50 States of Fright
Christopher Heyerdahl,Messiah
Christopher Heyerdahl,Togo
Christopher Heyerdahl,Adopt a Highway
Christopher Heyerdahl,Stockholm
Christopher Heyerdahl,Deadly Class
Christopher Heyerdahl,Sicario: Day of the Soldado
Christopher Heyerdahl,Damnation
Christopher Heyerdahl,Star Trek: Discovery
Marcia Bennett,The Border
Marcia Bennett,Mr. Magorium's Wonder Emporium
Marcia Bennett,Fugitive Pieces
Marcia Bennett,Jesse Stone: Sea Change
Marcia Bennett,Skins
Marcia Bennett,The Woods
Marcia Bennett,Sick Girl
Marcia Bennett,Masters of Horror
Marcia Bennett,The Dive from Clausen's Pier
Marcia Bennett,Plague City: SARS in Toronto
Marcia Bennett,Widow on the Hill
Marcia Bennett,Noel
Marcia Bennett,Godsend
Marcia Bennett,Slings & Arrows
Marcia Bennett,Sue Thomas: F.B.Eye
Marcia Bennett,The Tuxedo
Marcia Bennett,Terminal Invasion
Marcia Bennett,Gilda Radner: It's Always Something
Brad Leland,Friday Night Lights
Brad Leland,Inside Man
Brad Leland,The Ringer
Brad Leland,Friday Night Lights
Brad Leland,The Texas Chainsaw Massacre
Brad Leland,Jimmy Kimmel Live!
Brad Leland,Rolling Kansas
Brad Leland,CSI: Miami
Brad Leland,The Operator
Brad Leland,The Patriot
Brad Leland,The Only Thrill
Brad Leland,The Curse of Inferno
Brad Leland,The Underneath
Brendan Fletcher,RV
Brendan Fletcher,Rapid Fire
Brendan Fletcher,Masters of Horror
Brendan Fletcher,Supernatural
Brendan Fletcher,Tideland
Brendan Fletcher,Getting Gilliam
Brendan Fletcher,Paper Moon Affair
Brendan Fletcher,Alone in the Dark
Brendan Fletcher,Eighteen
Brendan Fletcher,The Final Cut
Brendan Fletcher,Everyone
Brendan Fletcher,Ginger Snaps Back: The Beginning
Brendan Fletcher,The Collector
Brendan Fletcher,Ginger Snaps 2: Unleashed
Jerry Wasserman,The Accused
Jerry Wasserman,The Red Spider
Jerry Wasserman,J.J. Starbuck
Jerry Wasserman,Wiseguy
Jerry Wasserman,The New Adventures of Beans Baxter
Jerry Wasserman,21 Jump Street
Jerry Wasserman,The Christmas Star
Jerry Wasserman,Danger Bay
Jerry Wasserman,MacGyver
Jerry Wasserman,Blackout
Jerry Wasserman,Airwolf
Jerry Wasserman,The Editor
Josh Brener,Carry-On
Josh Brener,Old Dads
Josh Brener,The Last of Us
Josh Brener,Bromates
Josh Brener,Sniper: Rogue Mission
Josh Brener,Rise of the Teenage Mutant Ninja Turtles: The Movie
Josh Brener,This Duckburg Life
Josh Brener,The Mighty Ones
Josh Brener,All My Life
Josh Brener,Seven Stages to Achieve Eternal Bliss
John Hannah,The Last of Us
Christopher Heyerdahl,Tin Star
Christopher Heyerdahl,"Midnight, Texas"
Christopher Heyerdahl,Travelers
Christopher Heyerdahl,MacGyver
Christopher Heyerdahl,Van Helsing
Christopher Heyerdahl,Honeyglue
Christopher Heyerdahl,Pee-wee's Big Holiday
Christopher Heyerdahl,The Player
Christopher Heyerdahl,Minority Report
Christopher Heyerdahl,Eadweard
Christopher Heyerdahl,12 Monkeys
Christopher Heyerdahl,The Librarians
Christopher Heyerdahl,Scorpion
Christopher Heyerdahl,Gotham
Christopher Heyerdahl,The Calling
Christopher Heyerdahl,Three Days in Havana
Christopher Heyerdahl,The Twilight Saga: Breaking Dawn - Part 2
Christopher Heyerdahl,Arrow
Christopher Heyerdahl,The Twilight Saga: Breaking Dawn - Part 1
Christopher Heyerdahl,Hell on Wheels
Christopher Heyerdahl,Nikita
Marcia Bennett,Mutant X
Marcia Bennett,Serendipity
Marcia Bennett,Glitter
Marcia Bennett,Snap Decision
Marcia Bennett,Tart
Marcia Bennett,The Magic of Marciano
Marcia Bennett,Cheaters
Marcia Bennett,Sex & Mrs. X
Marcia Bennett,The Hurricane
Marcia Bennett,Happy Face Murders
Marcia Bennett,The Sweetest Gift
Marcia Bennett,Sleeping Dogs Lie
Marcia Bennett,Bad to the Bone
Marcia Bennett,Ed McBain's 87th Precinct: Ice
Brad Leland,Texas Justice
Brad Leland,Fatal Deception: Mrs. Lee Harvey Oswald
Brad Leland,"Walker, Texas Ranger"
Brad Leland,An American Story
Brad Leland,Trial: The Price of Passion
Brad Leland,Stranger at My Door
Brad Leland,Perry Mason: The Case of the Ruthless Reporter
Brendan Fletcher,Mojave
Brendan Fletcher,Tru Calling
Brendan Fletcher,Jake 2.0
Brendan Fletcher,Freddy vs. Jason
Brendan Fletcher,The Big Charade
Brendan Fletcher,The Death and Life of Nancy Eaton
Merle Dandridge,The Last of Us
Keivonn Woodard,The Last of Us
Josh Brener,Mythic Quest
Josh Brener,Date Nite
Josh Brener,Spin
Josh Brener,B-Roll
Josh Brener,101 Dalmatian Street
Josh Brener,"Love, Death & Robots"
Josh Brener,What Men Want
Josh Brener,The Front Runner
Josh Brener,Star Wars Resistance
John Hannah,Scotland: A Year In The Wild
John Hannah,The Auschwitz Report
John Hannah,Max Cloud
John Hannah,Enemy Lines
John Hannah,Transplant
John Hannah,The Garden of Evening Mists
John Hannah,The Victim
John Hannah,One Red Nose Day and a Wedding
John Hannah,Race Across the World
John Hannah,Princess Emmy
John Hannah,"Blood, Sweat And Terrors"
John Hannah,Genesis
John Hannah,Overboard
John Hannah,Scorched Earth
John Hannah,Toy Gun
John Hannah,Trust Me
John Hannah,The Marker
John Hannah,Another Mother's Son
John Hannah,Love of My Life
John Hannah,Harry Benson: Shoot First
John Hannah,Dirk Gently's Holistic Detective Agency
John Hannah,Alleycats
John Hannah,A Midsummer Night's Dream
Christopher Heyerdahl,Caprica
Christopher Heyerdahl,The Twilight Saga: New Moon
Christopher Heyerdahl,Castle
Christopher Heyerdahl,Cadavres
Christopher Heyerdahl,Sanctuary
Christopher Heyerdahl,True Blood
Christopher Heyerdahl,The Black Cat
Christopher Heyerdahl,Killer Wave
Christopher Heyerdahl,Psych
Christopher Heyerdahl,Masters of Horror
Christopher Heyerdahl,Kamataki
Christopher Heyerdahl,Supernatural
Christopher Heyerdahl,Catwoman
Christopher Heyerdahl,Stargate Atlantis
Christopher Heyerdahl,The Last Tunnel
Christopher Heyerdahl,India: Kingdom of the Tiger
Christopher Heyerdahl,Matthew Blackheart: Monster Smasher
Christopher Heyerdahl,Aftermath
Christopher Heyerdahl,Smallville
Marcia Bennett,Billy Madison
Marcia Bennett,Trapped in Paradise
Marcia Bennett,The Forget-Me-Not Murders
Marcia Bennett,Hoover vs. the Kennedys: The Second Civil War
Marcia Bennett,Friday the 13th: The Series
Marcia Bennett,Adventures in Babysitting
Marcia Bennett,"He's Fired, She's Hired"
Marcia Bennett,Should've Been Romeo
Brad Leland,Blaze
Brad Leland,Longarm
Brad Leland,Under Cover
Brad Leland,Blood Rage
Brad Leland,Shy People
Brad Leland,Square Dance
Brad Leland,Dalton: Code of Vengeance II
Brad Leland,Silverado
Brad Leland,Hallmark Hall of Fame
Brendan Fletcher,Boys Briefs 2
Brendan Fletcher,100 Days In The Jungle
Brendan Fletcher,Breaking News
Brendan Fletcher,Turning Paige
Brendan Fletcher,Touch
Brendan Fletcher,Dice
Brendan Fletcher,Smallville
Brendan Fletcher,The Cave
Brendan Fletcher,The Unsaid
Brendan Fletcher,Night Visions
Brendan Fletcher,Anatomy of a Hate Crime
Brendan Fletcher,CSI: Crime Scene Investigation
Brendan Fletcher,Scorn
Brendan Fletcher,The Law of Enclosures
Brendan Fletcher,Trixie
Brendan Fletcher,Summer's End
Brendan Fletcher,Caitlin's Way
Brendan Fletcher,My Father's Angel
Brendan Fletcher,Rollercoaster
Brendan Fletcher,Jimmy Zip
Brendan Fletcher,The Five Senses
Brendan Fletcher,Family Blessings
Brendan Fletcher,Da Vinci's Inquest
Brendan Fletcher,The Crow: Stairway to Heaven
Merle Dandridge,Block Party
Merle Dandridge,The Flight Attendant
Merle Dandridge,The Right Girl
Merle Dandridge,Blithe Spirit
Merle Dandridge,The Disney Family Singalong - Volume II
Merle Dandridge,Truth Be Told
Merle Dandridge,Tamron Hall
Merle Dandridge,Station 19
Merle Dandridge,Resurrect
Merle Dandridge,Disney's Broadway Hits at London's Royal Albert Hall
Merle Dandridge,Greenleaf
Merle Dandridge,Rosewood
Merle Dandridge,The Last of Us: One Night Live
Merle Dandridge,The Night Shift
Merle Dandridge,Star-Crossed
Merle Dandridge,Perception
Merle Dandridge,The Newsroom
Merle Dandridge,Ringer
Merle Dandridge,Nikita
Merle Dandridge,Nothing But the Truth
Merle Dandridge,The Mentalist
Merle Dandridge,Sons of Anarchy
Merle Dandridge,I'm Paige Wilson
Merle Dandridge,NCIS
Merle Dandridge,Angel
Josh Brener,The Neighborhood
Josh Brener,Rise of the Teenage Mutant Ninja Turtles
Josh Brener,Where's the Money
Josh Brener,Unleashed
Josh Brener,DuckTales
Josh Brener,Brand New Old Love
Josh Brener,Max Steel
Josh Brener,Baked in Brooklyn
Josh Brener,Welcome to Happiness
Josh Brener,The Belko Experiment
Josh Brener,The Rumperbutts
Josh Brener,Jim & Helen Forever
Josh Brener,Star Wars Rebels
Josh Brener,Silicon Valley
Josh Brener,The Internship
Josh Brener,Say It Ain't Solo
Josh Brener,House of Lies
Josh Brener,Glory Daze
Josh Brener,The Condom Killer
Josh Brener,Modern Family
John Hannah,Rosamunde Pilcher: Fighting for Her Family
John Hannah,Marley's Ghosts
John Hannah,Taskmaster
John Hannah,Angel
John Hannah,Girona
John Hannah,Bone in the Throat
John Hannah,Scotland In A Day
John Hannah,Shooting for Socrates
John Hannah,Ping Pong Summer
John Hannah,The Widower
John Hannah,Duck Quacks Don't Echo
John Hannah,우주는 얼마나 작은가?
John Hannah,The Christmas Candle
John Hannah,Atlantis
John Hannah,Marvel's Agents of S.H.I.E.L.D.
John Hannah,The Wee Man
John Hannah,Rosamunde Pilcher: The Other Wife
John Hannah,Elementary
John Hannah,The Words
John Hannah,A Touch of Cloth
John Hannah,Kidnap and Ransom
Christopher Heyerdahl,Pig's Law
Christopher Heyerdahl,The Killing Yard
Christopher Heyerdahl,Nowhere in Sight
Christopher Heyerdahl,CSI: Crime Scene Investigation
Christopher Heyerdahl,Andromeda
Christopher Heyerdahl,Nuremberg
Christopher Heyerdahl,Believe
Christopher Heyerdahl,The Witness
Christopher Heyerdahl,Press Run
Christopher Heyerdahl,Requiem for Murder
Christopher Heyerdahl,The Ghosts of Dickens' Past
Christopher Heyerdahl,Affliction
Christopher Heyerdahl,Out of Mind: The Stories of H.P. Lovecraft
Christopher Heyerdahl,The Peacekeeper
Christopher Heyerdahl,Bleeders
Christopher Heyerdahl,Stargate SG-1
Christopher Heyerdahl,Twists of Terror
Christopher Heyerdahl,Habitat
Christopher Heyerdahl,Silent Trigger
Christopher Heyerdahl,Rowing Through
Christopher Heyerdahl,Obstruction of Justice
Christopher Heyerdahl,Highlander III: The Sorcerer
Christopher Heyerdahl,21 Jump Street
Khadijah Roberts-Abdullah,The Last of Us
Khadijah Roberts-Abdullah,Save the Date
Khadijah Roberts-Abdullah,DEFUND
Khadijah Roberts-Abdullah,Awake
Khadijah Roberts-Abdullah,Sugar Daddy
Khadijah Roberts-Abdullah,Body So Fluorescent
Khadijah Roberts-Abdullah,Nurses
Khadijah Roberts-Abdullah,What We Do in the Shadows
Khadijah Roberts-Abdullah,Crimson Peak
Khadijah Roberts-Abdullah,DEFUND
Khadijah Roberts-Abdullah,DEFUND
Khadijah Roberts-Abdullah,DEFUND
Brendan Fletcher,Tourist Trap
Brendan Fletcher,Trucks
Brendan Fletcher,Air Bud
Brendan Fletcher,High Stakes
Brendan Fletcher,The Adventures of Shirley Holmes
Brendan Fletcher,Contagious
Brendan Fletcher,Keeping the Promise
Brendan Fletcher,The Sign Of The Beaver
Brendan Fletcher,Millennium
Brendan Fletcher,Dead Ahead
Brendan Fletcher,Goosebumps
Brendan Fletcher,Little Criminals
Brendan Fletcher,Firebite
Brendan Fletcher,Rampage: President Down
Brendan Fletcher,Rampage: Capital Punishment
Brendan Fletcher,Mad Bastards
Brendan Fletcher,Somewhere in the Darkness
Brendan Fletcher,Firebite
Brendan Fletcher,Mad Bastards
Brendan Fletcher,Rampage
Melanie Lynskey,The Last of Us
Melanie Lynskey,Candy
Melanie Lynskey,Don't Look Up
Melanie Lynskey,Yellowjackets
Melanie Lynskey,Lady of the Manor
Melanie Lynskey,Mrs. America
Melanie Lynskey,Sadie
Josh Brener,Star Wars: The Clone Wars
Josh Brener,The Big Bang Theory
John Hannah,Spartacus
John Hannah,We Are the People We've Been Waiting For
John Hannah,The Mummy: Tomb of the Dragon Emperor
John Hannah,Moose in the Glen
John Hannah,Horizon: How Does Your Memory Work?
John Hannah,Movie Connections
John Hannah,Sinking of the Lusitania
John Hannah,The Last Legion
John Hannah,Ghost Son
John Hannah,New Street Law
John Hannah,Cold Blood
John Hannah,8 Out of 10 Cats
John Hannah,Agatha Christie's Marple
John Hannah,Amnesia
John Hannah,Sea of Souls
John Hannah,I Accuse
John Hannah,Carnivàle
John Hannah,Dr. Jekyll and Mr. Hyde
John Hannah,Camouflage
Melanie Lynskey,Castle Rock
Melanie Lynskey,Summer Camp Island
Melanie Lynskey,Sunshine
Melanie Lynskey,The Changeover
Melanie Lynskey,Young Sheldon
Melanie Lynskey,Wet Hot American Summer: Ten Years Later
Melanie Lynskey,And Then I Go
Melanie Lynskey,Little Boxes
Melanie Lynskey,1 Mile To You
Melanie Lynskey,XX
Melanie Lynskey,I Don't Feel at Home in This World Anymore
Melanie Lynskey,Easy
Melanie Lynskey,Our Ex-Wife
Melanie Lynskey,The Intervention
Melanie Lynskey,Folk Hero & Funny Guy
Melanie Lynskey,The Great & The Small
Melanie Lynskey,Rainbow Time
Melanie Lynskey,Future-Worm!
Melanie Lynskey,Digging for Fire
Melanie Lynskey,Behind Over the Garden Wall
Melanie Lynskey,Togetherness
Melanie Lynskey,Goodbye to All That
John Hannah,MDs
John Hannah,I'm with Lucy
John Hannah,Before You Go
John Hannah,Alias
John Hannah,Pandaemonium
John Hannah,The Mummy Returns
John Hannah,Circus
John Hannah,Rebus
John Hannah,The Intruder
John Hannah,Building A Better Mummy
John Hannah,The Hurricane
John Hannah,The Mummy
John Hannah,Sliding Doors
John Hannah,Resurrection Man
John Hannah,The Love Bug
John Hannah,The James Gang
John Hannah,Romance and Rejection (So This Is Romance?)
John Hannah,McCallum
John Hannah,The Innocent Sleep
John Hannah,Truth or Dare
John Hannah,The Final Cut
John Hannah,Out of the Blue
John Hannah,Madagascar Skin
John Hannah,Pauline Calf's Wedding Video
John Hannah,Milner
John Hannah,Faith
John Hannah,Four Weddings and a Funeral
John Hannah,Paul Calf's Video Diary
John Hannah,Frasier
John Hannah,GMTV
Bella Ramsey,Chicken Run: Dawn of the Nugget
Bella Ramsey,Villain
Bella Ramsey,The Last of Us
Bella Ramsey,Catherine Called Birdy
Bella Ramsey,Becoming Elizabeth
Bella Ramsey,Hilda and the Mountain King
Bella Ramsey,Requiem
Bella Ramsey,3 Minutes of Silence
Bella Ramsey,Resistance
Bella Ramsey,Turtle Journey: The Crisis in Our Oceans
Bella Ramsey,On the Beaches
Melanie Lynskey,Over the Garden Wall
Melanie Lynskey,We'll Never Have Paris
Melanie Lynskey,Happy Christmas
John Hannah,Between the Lines
Bella Ramsey,His Dark Materials
Bella Ramsey,Judy
Bella Ramsey,Zero
Bella Ramsey,Game of Thrones: The Last Watch
Bella Ramsey,Princess Emmy
Bella Ramsey,Holmes & Watson
Bella Ramsey,Two for Joy
Bella Ramsey,Hilda
Bella Ramsey,Summer Camp Island
Bella Ramsey,Requiem
Bella Ramsey,The Worst Witch
Bella Ramsey,Game of Thrones
Melanie Lynskey,They Came Together
Melanie Lynskey,The Big Ask
Melanie Lynskey,Chu and Blossom
Melanie Lynskey,Mom
Melanie Lynskey,Putzel
Melanie Lynskey,The Perks of Being a Wallflower
Melanie Lynskey,Hello I Must Be Going
Melanie Lynskey,Seeking a Friend for the End of the World
Melanie Lynskey,Eye of the Hurricane
John Hannah,Civvies
John Hannah,Harbour Beat
John Hannah,Agatha Christie's Poirot
John Hannah,Reasonable Force
John Hannah,Natural World
John Hannah,Taggart
John Hannah,Horizon
John Hannah,Afterlife
John Hannah,Dr. Jekyll and Mr. Hyde
Melanie Lynskey,Touchback
Melanie Lynskey,Win Win
Melanie Lynskey,Helena from the Wedding
Melanie Lynskey,The Informant!
Melanie Lynskey,Leaves of Grass
Melanie Lynskey,Up in the Air
Melanie Lynskey,Away We Go
Melanie Lynskey,A Quiet Little Marriage
Melanie Lynskey,The Life & Times of Tim
Melanie Lynskey,Show of Hands
Melanie Lynskey,Comanche Moon
Melanie Lynskey,Itty Bitty Titty Committee
Melanie Lynskey,Drive
Melanie Lynskey,Flags of Our Fathers
Melanie Lynskey,Psych
Melanie Lynskey,Park
Melanie Lynskey,It's Always Sunny in Philadelphia
Melanie Lynskey,Say Uncle
Melanie Lynskey,American Dad!
Melanie Lynskey,The Nearly Unadventurous Life of Zoe Cadwaulder
Melanie Lynskey,House
Melanie Lynskey,The L Word
Melanie Lynskey,Shattered Glass
Melanie Lynskey,Two and a Half Men
Melanie Lynskey,Claustrophobia
Melanie Lynskey,Abandon
Melanie Lynskey,Sweet Home Alabama
Melanie Lynskey,The Shield
Melanie Lynskey,Rose Red
Melanie Lynskey,Shooters
Melanie Lynskey,Snakeskin
Melanie Lynskey,Coyote Ugly
Melanie Lynskey,But I'm a Cheerleader
Melanie Lynskey,Detroit Rock City
Melanie Lynskey,Foreign Correspondents
Melanie Lynskey,The Cherry Orchard
Melanie Lynskey,EverAfter
Melanie Lynskey,The Frighteners
Melanie Lynskey,Heavenly Creatures
Jeffrey Pierce,The Last of Us
Jeffrey Pierce,Two Eyes
Jeffrey Pierce,"Love, Death & Robots"
Jeffrey Pierce,God Friended Me
Jeffrey Pierce,Bosch
Jeffrey Pierce,The Tomorrow People
Jeffrey Pierce,The Stranger Within
Jeffrey Pierce,Cult
Jeffrey Pierce,Any Day Now
Jeffrey Pierce,Alcatraz
Jeffrey Pierce,The Double
Jeffrey Pierce,Nikita
Jeffrey Pierce,Castle
Jeffrey Pierce,Fear Itself
Jeffrey Pierce,Terminator: The Sarah Connor Chronicles
Jeffrey Pierce,Life
Jeffrey Pierce,Journeyman
Jeffrey Pierce,Criminal Minds
Jeffrey Pierce,Charlie Jade
Jeffrey Pierce,NCIS
Jeffrey Pierce,The Foreigner
Jeffrey Pierce,Without a Trace
Jeffrey Pierce,S1m0ne
Jeffrey Pierce,Random Shooting in LA
Jeffrey Pierce,Crossing Jordan
Jeffrey Pierce,Jackie Bouvier Kennedy Onassis
Jeffrey Pierce,CSI: Crime Scene Investigation
Jeffrey Pierce,Charmed
Arran Henn,The Last of Us
Arran Henn,Three Wise Men and a Baby
Arran Henn,Morning Show Mysteries: Countdown to Murder
Arran Henn,A Brush with Love
Arran Henn,Morning Show Mysteries: Murder on the Menu
Arran Henn,Siren
Arran Henn,Who Killed JonBenét?
Arran Henn,Supergirl
Arran Henn,Zoo
Arran Henn,Chappie
Arran Henn,The Flash
Anna Torv,Scarygirl
Anna Torv,Force of Nature
Anna Torv,The Last of Us
Anna Torv,Fires
Anna Torv,The Newsreader
Anna Torv,Mindhunter
Anna Torv,Stephanie
Anna Torv,Secret City
Anna Torv,The Daughter
Anna Torv,Deadline Gallipoli
Lamar Johnson,Manodrome
Lamar Johnson,The Last of Us
Lamar Johnson,Brother
Lamar Johnson,Your Honor
Lamar Johnson,All the Bright Places
Lamar Johnson,Run Sweetheart Run
Lamar Johnson,Dark Phoenix
Lamar Johnson,Native Son
Lamar Johnson,The Hate U Give
Lamar Johnson,Kings
Lamar Johnson,Filth City
Lamar Johnson,Mary Kills People
Lamar Johnson,Full Out
Lamar Johnson,The Next Step Live: The Movie
Anna Torv,Love Is Now
Anna Torv,Heavenly Sword
Anna Torv,Open
Anna Torv,The Pacific
Anna Torv,Fringe
Anna Torv,Mistresses
Anna Torv,Frankenstein
Anna Torv,The Book of Revelation
Anna Torv,Travelling Light
Anna Torv,White Collar Blue
Anna Torv,Young Lions
Anna Torv,The Secret Life of Us
Lamar Johnson,Apple Mortgage Cake
Lamar Johnson,The Next Step
Lamar Johnson,Home Again
